-- phpMyAdmin SQL Dump
-- version 5.2.1
-- https://www.phpmyadmin.net/
--
-- Host: 127.0.0.1
-- Generation Time: Aug 13, 2024 at 05:41 AM
-- Server version: 10.4.32-MariaDB
-- PHP Version: 8.2.12

SET SQL_MODE = "NO_AUTO_VALUE_ON_ZERO";
START TRANSACTION;
SET time_zone = "+00:00";


/*!40101 SET @OLD_CHARACTER_SET_CLIENT=@@CHARACTER_SET_CLIENT */;
/*!40101 SET @OLD_CHARACTER_SET_RESULTS=@@CHARACTER_SET_RESULTS */;
/*!40101 SET @OLD_COLLATION_CONNECTION=@@COLLATION_CONNECTION */;
/*!40101 SET NAMES utf8mb4 */;

--
-- Database: `bd_ejemplo`
--

-- --------------------------------------------------------

--
-- Table structure for table `almuerzo`
--

CREATE TABLE `almuerzo` (
  `id` int(11) NOT NULL,
  `nombre` varchar(255) DEFAULT NULL
) ENGINE=InnoDB DEFAULT CHARSET=utf8mb4 COLLATE=utf8mb4_general_ci;

--
-- Dumping data for table `almuerzo`
--

INSERT INTO `almuerzo` (`id`, `nombre`) VALUES
(1, 'desayuno'),
(2, 'refrigerio'),
(3, 'almuerzo');

-- --------------------------------------------------------

--
-- Table structure for table `asistencia`
--

CREATE TABLE `asistencia` (
  `id` int(11) NOT NULL,
  `fecha` datetime(6) DEFAULT NULL,
  `almuerzos_id` int(11) DEFAULT NULL,
  `estudiante_id` varchar(255) DEFAULT NULL
) ENGINE=InnoDB DEFAULT CHARSET=utf8mb4 COLLATE=utf8mb4_general_ci;

--
-- Dumping data for table `asistencia`
--

INSERT INTO `asistencia` (`id`, `fecha`, `almuerzos_id`, `estudiante_id`) VALUES
(5, '2024-06-07 06:46:00.000000', 1, '1025532862'),
(6, '2024-06-07 06:46:00.000000', 1, '1077724225'),
(19, '2024-06-07 09:26:00.000000', 1, '1013111390'),
(20, '2024-06-07 09:26:00.000000', 1, '1013111390'),
(21, '2024-06-07 09:26:00.000000', 1, '1013111390'),
(22, '2024-06-07 09:26:00.000000', 1, '1013111390'),
(23, '2024-06-07 09:26:00.000000', 1, '1013111390'),
(24, '2024-06-07 09:26:00.000000', 1, '1013111390'),
(25, '2024-06-07 09:26:00.000000', 1, '1013111390'),
(26, '2024-06-07 09:26:00.000000', 1, '1013111390'),
(27, '2024-06-07 09:26:00.000000', 1, '1013111390'),
(31, '2024-06-07 09:26:00.000000', 1, '1013111390'),
(33, '2024-06-07 09:26:00.000000', 1, '1013111390'),
(42, '2024-06-07 09:26:00.000000', 1, '1013111390'),
(44, '2024-06-07 09:26:00.000000', 1, '1039689035'),
(45, '2024-06-07 09:26:00.000000', 1, '1013111390'),
(46, '2024-06-07 09:26:00.000000', 1, '1013111390'),
(47, '2024-06-07 09:26:00.000000', 1, '1039689035'),
(51, '2024-06-07 09:26:00.000000', 1, '1013111390'),
(52, '2024-06-07 09:26:00.000000', 1, '1039689035'),
(53, '2024-06-07 09:26:00.000000', 1, '1013111390'),
(55, '2024-06-07 09:26:00.000000', 1, '1000329482'),
(56, '2024-06-07 09:26:00.000000', 1, '1011086919'),
(57, '2024-06-07 09:26:00.000000', 1, 'N37666446918'),
(58, '2024-06-07 09:26:00.000000', 1, '0544042'),
(59, '2024-06-07 09:26:00.000000', 1, '1013111390'),
(61, '2024-06-07 09:26:00.000000', 1, '1010965465'),
(62, '2024-06-07 09:26:00.000000', 1, '1011089079'),
(64, '2024-06-07 08:26:00.000000', 1, '1011086919'),
(76, '2024-07-12 01:53:35.000000', 1, '0544042'),
(77, '2024-07-12 01:53:41.000000', 1, '1000329482'),
(78, '2024-07-12 01:53:46.000000', 1, '1010761026'),
(79, '2024-07-12 01:53:53.000000', 1, '1010965465'),
(80, '2024-07-12 01:54:00.000000', 1, '1011086919'),
(81, '2024-07-12 01:54:07.000000', 1, '1011088120'),
(82, '2024-07-12 01:54:13.000000', 1, '1011089079'),
(83, '2024-07-12 01:54:20.000000', 1, '1011096198'),
(84, '2024-07-12 01:54:26.000000', 1, '1011096770'),
(85, '2024-07-12 01:54:31.000000', 1, '1011097437'),
(98, '2024-07-15 19:09:29.000000', 3, '0544042'),
(99, '2024-07-15 19:09:34.000000', 3, '1000329482'),
(100, '2024-07-15 19:09:39.000000', 3, '1010761026'),
(101, '2024-07-15 19:09:44.000000', 3, '1010965465'),
(102, '2024-07-15 19:09:50.000000', 3, '1011086919'),
(103, '2024-07-15 19:09:55.000000', 3, '1011088120'),
(104, '2024-07-15 19:10:00.000000', 3, '1011089079'),
(105, '2024-07-15 19:10:05.000000', 3, '1011096198'),
(106, '2024-07-15 19:10:17.000000', 3, '1011096770'),
(107, '2024-07-15 19:10:22.000000', 3, '1011097437'),
(109, '2024-07-01 09:00:00.000000', 1, '1025532862'),
(110, '2024-07-01 10:45:00.000000', 2, '1025532862'),
(111, '2024-07-01 13:00:00.000000', 3, '1025532862'),
(112, '2024-07-02 09:00:00.000000', 1, '1025532862'),
(113, '2024-07-02 10:45:00.000000', 2, '1025532862'),
(114, '2024-07-02 13:00:00.000000', 3, '1025532862'),
(115, '2024-07-03 09:00:00.000000', 1, '1025532862'),
(116, '2024-07-03 10:45:00.000000', 2, '1025532862'),
(117, '2024-07-03 13:00:00.000000', 3, '1025532862'),
(118, '2024-07-04 09:00:00.000000', 1, '1025532862'),
(119, '2024-07-04 10:45:00.000000', 2, '1025532862'),
(120, '2024-07-04 13:00:00.000000', 3, '1025532862'),
(121, '2024-07-05 09:00:00.000000', 1, '1025532862'),
(122, '2024-07-05 10:45:00.000000', 2, '1025532862'),
(123, '2024-07-05 13:00:00.000000', 3, '1025532862'),
(124, '2024-07-06 09:00:00.000000', 1, '1025532862'),
(125, '2024-07-06 10:45:00.000000', 2, '1025532862'),
(126, '2024-07-06 13:00:00.000000', 3, '1025532862'),
(127, '2024-07-07 09:00:00.000000', 1, '1025532862'),
(128, '2024-07-07 10:45:00.000000', 2, '1025532862'),
(129, '2024-07-07 13:00:00.000000', 3, '1025532862'),
(130, '2024-07-08 09:00:00.000000', 1, '1025532862'),
(131, '2024-07-08 10:45:00.000000', 2, '1025532862'),
(132, '2024-07-08 13:00:00.000000', 3, '1025532862'),
(133, '2024-07-09 09:00:00.000000', 1, '1025532862'),
(134, '2024-07-09 10:45:00.000000', 2, '1025532862'),
(135, '2024-07-09 13:00:00.000000', 3, '1025532862'),
(136, '2024-07-10 09:00:00.000000', 1, '1025532862'),
(137, '2024-07-10 10:45:00.000000', 2, '1025532862'),
(139, '2024-07-11 09:00:00.000000', 1, '1025532862'),
(140, '2024-07-11 10:45:00.000000', 2, '1025532862'),
(141, '2024-07-11 13:00:00.000000', 3, '1025532862'),
(142, '2024-07-12 09:00:00.000000', 1, '1025532862'),
(143, '2024-07-12 10:45:00.000000', 2, '1025532862'),
(144, '2024-07-12 13:00:00.000000', 3, '1025532862'),
(145, '2024-07-13 09:00:00.000000', 1, '1025532862'),
(146, '2024-07-13 10:45:00.000000', 2, '1025532862'),
(147, '2024-07-13 13:00:00.000000', 3, '1025532862'),
(148, '2024-07-14 09:00:00.000000', 1, '1025532862'),
(149, '2024-07-14 10:45:00.000000', 2, '1025532862'),
(150, '2024-07-14 13:00:00.000000', 3, '1025532862'),
(151, '2024-07-15 09:00:00.000000', 1, '1025532862'),
(152, '2024-07-15 10:45:00.000000', 2, '1025532862'),
(153, '2024-07-15 13:00:00.000000', 3, '1025532862'),
(154, '2024-07-16 09:00:00.000000', 1, '1025532862'),
(155, '2024-07-16 10:45:00.000000', 2, '1025532862'),
(156, '2024-07-16 13:00:00.000000', 3, '1025532862'),
(157, '2024-07-17 09:00:00.000000', 1, '1025532862'),
(158, '2024-07-17 10:45:00.000000', 2, '1025532862'),
(159, '2024-07-17 13:00:00.000000', 3, '1025532862'),
(160, '2024-07-18 09:00:00.000000', 1, '1025532862'),
(161, '2024-07-18 10:45:00.000000', 2, '1025532862'),
(162, '2024-07-18 13:00:00.000000', 3, '1025532862'),
(166, '2024-07-19 12:53:01.000000', 3, '0544042'),
(167, '2024-07-19 12:53:07.000000', 3, '1000329482'),
(168, '2024-07-19 12:53:12.000000', 3, '1010761026'),
(169, '2024-07-19 12:53:17.000000', 3, '1010965465'),
(170, '2024-07-19 12:53:22.000000', 3, '1011086919'),
(171, '2024-07-19 12:53:40.000000', 3, '1011088120'),
(172, '2024-07-19 12:53:46.000000', 3, '1011089079'),
(173, '2024-07-19 12:53:52.000000', 3, '1011096198'),
(174, '2024-07-19 12:54:02.000000', 3, '1011096770'),
(175, '2024-07-19 12:54:09.000000', 3, '1011097437'),
(176, '2024-07-01 09:00:00.000000', 1, '1013037631'),
(177, '2024-07-01 10:45:00.000000', 2, '1013037631'),
(178, '2024-07-01 13:00:00.000000', 3, '1013037631'),
(179, '2024-07-02 09:00:00.000000', 1, '1013037631'),
(180, '2024-07-02 10:45:00.000000', 2, '1013037631'),
(181, '2024-07-02 13:00:00.000000', 3, '1013037631'),
(182, '2024-07-03 09:00:00.000000', 1, '1013037631'),
(183, '2024-07-03 10:45:00.000000', 2, '1013037631'),
(184, '2024-07-03 13:00:00.000000', 3, '1013037631'),
(185, '2024-07-04 09:00:00.000000', 1, '1013037631'),
(186, '2024-07-04 10:45:00.000000', 2, '1013037631'),
(187, '2024-07-04 13:00:00.000000', 3, '1013037631'),
(188, '2024-07-05 09:00:00.000000', 1, '1013037631'),
(189, '2024-07-05 10:45:00.000000', 2, '1013037631'),
(190, '2024-07-05 13:00:00.000000', 3, '1013037631'),
(191, '2024-07-06 09:00:00.000000', 1, '1013037631'),
(192, '2024-07-06 10:45:00.000000', 2, '1013037631'),
(193, '2024-07-06 13:00:00.000000', 3, '1013037631'),
(194, '2024-07-07 09:00:00.000000', 1, '1013037631'),
(195, '2024-07-07 10:45:00.000000', 2, '1013037631'),
(196, '2024-07-07 13:00:00.000000', 3, '1013037631'),
(197, '2024-07-08 09:00:00.000000', 1, '1013037631'),
(198, '2024-07-08 10:45:00.000000', 2, '1013037631'),
(199, '2024-07-08 13:00:00.000000', 3, '1013037631'),
(200, '2024-07-09 09:00:00.000000', 1, '1013037631'),
(201, '2024-07-09 10:45:00.000000', 2, '1013037631'),
(202, '2024-07-09 13:00:00.000000', 3, '1013037631'),
(203, '2024-07-10 09:00:00.000000', 1, '1013037631'),
(204, '2024-07-10 10:45:00.000000', 2, '1013037631'),
(205, '2024-07-10 13:00:00.000000', 3, '1013037631'),
(206, '2024-07-11 09:00:00.000000', 1, '1013037631'),
(207, '2024-07-11 10:45:00.000000', 2, '1013037631'),
(208, '2024-07-11 13:00:00.000000', 3, '1013037631'),
(209, '2024-07-12 09:00:00.000000', 1, '1013037631'),
(210, '2024-07-12 10:45:00.000000', 2, '1013037631'),
(211, '2024-07-12 13:00:00.000000', 3, '1013037631'),
(212, '2024-07-13 09:00:00.000000', 1, '1013037631'),
(213, '2024-07-13 10:45:00.000000', 2, '1013037631'),
(214, '2024-07-13 13:00:00.000000', 3, '1013037631'),
(215, '2024-07-14 09:00:00.000000', 1, '1013037631'),
(216, '2024-07-14 10:45:00.000000', 2, '1013037631'),
(217, '2024-07-14 13:00:00.000000', 3, '1013037631'),
(218, '2024-07-15 09:00:00.000000', 1, '1013037631'),
(219, '2024-07-15 10:45:00.000000', 2, '1013037631'),
(220, '2024-07-15 13:00:00.000000', 3, '1013037631'),
(221, '2024-07-16 09:00:00.000000', 1, '1013037631'),
(222, '2024-07-16 10:45:00.000000', 2, '1013037631'),
(223, '2024-07-16 13:00:00.000000', 3, '1013037631'),
(224, '2024-07-17 09:00:00.000000', 1, '1013037631'),
(225, '2024-07-17 10:45:00.000000', 2, '1013037631'),
(226, '2024-07-17 13:00:00.000000', 3, '1013037631'),
(227, '2024-07-18 09:00:00.000000', 1, '1013037631'),
(228, '2024-07-18 10:45:00.000000', 2, '1013037631'),
(229, '2024-07-18 13:00:00.000000', 3, '1013037631'),
(230, '2024-07-19 09:00:00.000000', 1, '1013037631'),
(231, '2024-07-19 10:45:00.000000', 2, '1013037631'),
(232, '2024-07-19 13:00:00.000000', 3, '1013037631'),
(233, '2024-07-19 23:17:28.000000', 3, '1013261793'),
(234, '2024-07-19 23:17:38.000000', 3, '1013265085'),
(235, '2024-07-19 23:45:56.000000', 3, '1013597414'),
(236, '2024-07-19 23:55:43.000000', 3, '1014667350'),
(237, '2024-07-19 23:55:48.000000', 3, '1014668007'),
(238, '2024-07-19 23:55:53.000000', 3, '1014859482'),
(239, '2024-07-19 23:55:57.000000', 3, '1014669386'),
(240, '2024-07-19 23:56:01.000000', 3, '1014979725'),
(241, '2024-07-20 01:35:04.000000', 1, '1011096770'),
(242, '2024-07-20 01:35:09.000000', 1, '1011089079'),
(243, '2024-07-20 13:54:15.000000', 3, '1011097437'),
(244, '2024-07-20 13:56:14.000000', 3, '1011202762'),
(245, '2024-07-20 13:58:53.000000', 3, '1013037631'),
(246, '2024-07-20 14:01:36.000000', 3, '0544042'),
(247, '2024-07-20 14:09:42.000000', 3, '1000329482'),
(248, '2024-07-20 14:09:46.000000', 3, '1010761026'),
(249, '2024-07-20 14:09:51.000000', 3, '1010965465'),
(250, '2024-07-20 14:09:55.000000', 3, '1011086919'),
(251, '2024-07-20 14:09:59.000000', 3, '1011088120'),
(252, '2024-07-20 14:10:04.000000', 3, '1011089079'),
(253, '2024-07-20 14:10:17.000000', 3, '1011096198'),
(254, '2024-07-20 14:10:23.000000', 3, '1011096770'),
(255, '2024-07-20 14:10:35.000000', 3, '1012976411'),
(256, '2024-07-20 14:10:39.000000', 3, '1012918919'),
(257, '2024-07-20 14:10:43.000000', 3, '1012360492'),
(258, '2024-07-20 14:10:47.000000', 3, '1012353962'),
(259, '2024-07-20 14:10:51.000000', 3, '1012349116'),
(260, '2024-07-20 14:10:55.000000', 3, '1012342207'),
(261, '2024-07-20 14:11:00.000000', 3, '1011321512'),
(262, '2024-07-20 14:11:04.000000', 3, '1011321327'),
(263, '2024-07-20 14:11:08.000000', 3, '1011202850'),
(264, '2024-07-28 13:54:55.000000', 3, '0544042'),
(265, '2024-07-28 13:55:00.000000', 3, '1000329482'),
(266, '2024-07-28 13:55:06.000000', 3, '1010761026'),
(267, '2024-07-28 13:55:10.000000', 3, '1010965465'),
(268, '2024-07-28 13:55:14.000000', 3, '1011086919'),
(269, '2024-07-28 13:55:18.000000', 3, '1011088120'),
(270, '2024-07-28 13:55:23.000000', 3, '1011089079'),
(271, '2024-07-28 13:55:28.000000', 3, '1011096198'),
(272, '2024-07-28 13:55:32.000000', 3, '1011096770'),
(273, '2024-07-28 13:55:41.000000', 3, '1011097437'),
(274, '2024-07-28 13:55:54.000000', 3, '1011202762'),
(275, '2024-07-28 13:55:58.000000', 3, '1011202850'),
(276, '2024-07-28 13:56:03.000000', 3, '1011321327'),
(277, '2024-07-28 13:56:07.000000', 3, '1011321512'),
(278, '2024-07-28 13:56:11.000000', 3, '1012342207'),
(279, '2024-07-28 13:56:15.000000', 3, '1012349116'),
(280, '2024-07-28 13:56:21.000000', 3, '1012353962'),
(281, '2024-07-28 13:56:25.000000', 3, '1012360492'),
(282, '2024-07-28 13:56:29.000000', 3, '1012918919'),
(283, '2024-07-28 13:56:34.000000', 3, '1012976411'),
(284, '2024-07-28 13:56:41.000000', 3, '1013037631'),
(285, '2024-07-28 13:56:46.000000', 3, '1013101799'),
(286, '2024-07-28 13:56:51.000000', 3, '1013102934'),
(287, '2024-07-28 13:56:55.000000', 3, '1013104650'),
(288, '2024-07-28 13:56:59.000000', 3, '1013105435'),
(289, '2024-07-28 13:57:04.000000', 3, '1013106381'),
(290, '2024-07-28 13:57:08.000000', 3, '1013107135'),
(291, '2024-07-28 13:57:12.000000', 3, '1013108308'),
(292, '2024-07-28 13:57:16.000000', 3, '1013110157'),
(293, '2024-07-28 13:57:22.000000', 3, '1013110295'),
(294, '2024-07-29 19:35:59.000000', 3, '0544042'),
(295, '2024-07-29 19:36:03.000000', 3, '1000329482'),
(296, '2024-07-29 19:36:07.000000', 3, '1010761026'),
(297, '2024-07-29 19:36:12.000000', 3, '1010965465'),
(298, '2024-07-29 19:36:16.000000', 3, '1011086919'),
(299, '2024-07-29 19:36:20.000000', 3, '1011088120'),
(300, '2024-07-29 19:36:24.000000', 3, '1011089079'),
(301, '2024-07-29 19:36:28.000000', 3, '1011096198'),
(302, '2024-07-29 19:36:32.000000', 3, '1011096770'),
(304, '2024-07-29 19:57:03.000000', 3, '1011097437'),
(305, '2024-08-09 22:13:59.000000', 3, '0544042'),
(306, '2024-08-09 22:14:03.000000', 3, '1000329482'),
(307, '2024-08-09 22:14:08.000000', 3, '1010761026'),
(308, '2024-08-09 22:14:12.000000', 3, '1010965465'),
(309, '2024-08-09 22:48:42.000000', 3, '1013261793'),
(310, '2024-08-12 19:55:06.000000', 3, '0544042');

-- --------------------------------------------------------

--
-- Table structure for table `criterios`
--

CREATE TABLE `criterios` (
  `id` int(11) NOT NULL,
  `nombre` varchar(255) DEFAULT NULL,
  `tipo_criterio` varchar(255) DEFAULT NULL
) ENGINE=InnoDB DEFAULT CHARSET=utf8mb4 COLLATE=utf8mb4_general_ci;

-- --------------------------------------------------------

--
-- Table structure for table `estudiante`
--

CREATE TABLE `estudiante` (
  `id` varchar(255) NOT NULL,
  `curso` varchar(255) DEFAULT NULL,
  `especial` bit(1) NOT NULL,
  `imagen` varchar(255) DEFAULT NULL,
  `jornada` varchar(255) DEFAULT NULL,
  `nombre` varchar(255) DEFAULT NULL
) ENGINE=InnoDB DEFAULT CHARSET=utf8mb4 COLLATE=utf8mb4_general_ci;

--
-- Dumping data for table `estudiante`
--

INSERT INTO `estudiante` (`id`, `curso`, `especial`, `imagen`, `jornada`, `nombre`) VALUES
('0544042', '1004', b'0', NULL, 'MAÑANA', 'CARLOS'),
('1000329482', '1002', b'0', NULL, 'MAÑANA', 'JUAN'),
('1010761026', '1101', b'0', NULL, 'TARDE', 'YISEL'),
('1010965465', '1004', b'0', NULL, 'MAÑANA', 'PAOLA'),
('1011086919', '1004', b'0', NULL, 'MAÑANA', 'ANGIE'),
('1011088120', '1103', b'0', NULL, 'MAÑANA', 'CRISTIAN'),
('1011089079', '1102', b'0', NULL, 'TARDE', 'LUNA'),
('1011096198', '1002', b'0', NULL, 'TARDE', 'PAULA'),
('1011096770', '1103', b'0', NULL, 'MAÑANA', 'PAULA'),
('1011097437', '1103', b'0', NULL, 'TARDE', 'JUAN'),
('1011202762', '1001', b'0', NULL, 'MAÑANA', 'MARIANA'),
('1011202850', '1003', b'0', NULL, 'MAÑANA', 'ANGELA'),
('1011321327', '1103', b'0', NULL, 'TARDE', 'JULIAN'),
('1011321512', '1103', b'0', NULL, 'TARDE', 'JUAN'),
('1012342207', '1002', b'0', NULL, 'TARDE', 'NATALY'),
('1012349116', '1101', b'0', NULL, 'MAÑANA', 'JUAN'),
('1012353962', '1003', b'0', NULL, 'MAÑANA', 'SARA'),
('1012360492', '1002', b'0', NULL, 'TARDE', 'YULYAN'),
('1012918919', '1003', b'0', NULL, 'MAÑANA', 'HELEN'),
('1012976411', '1002', b'0', NULL, 'TARDE', 'VALERIA'),
('1013037631', '1001', b'0', NULL, 'MAÑANA', 'VALERIA'),
('1013101799', '1101', b'0', NULL, 'TARDE', 'LAURA'),
('1013102934', '1002', b'0', NULL, 'TARDE', 'JHOAN'),
('1013104650', '1102', b'0', NULL, 'TARDE', 'MAIRA'),
('1013105435', '1102', b'0', NULL, 'TARDE', 'DANIEL'),
('1013106381', '1001', b'0', NULL, 'TARDE', 'THOMAS'),
('1013107135', '1002', b'0', NULL, 'MAÑANA', 'MAICOL'),
('1013108308', '1101', b'0', NULL, 'MAÑANA', 'JONATAN'),
('1013110157', '1003', b'0', NULL, 'MAÑANA', 'SERGIO'),
('1013110295', '1101', b'0', NULL, 'MAÑANA', 'SANTIAGO'),
('1013110533', '1102', b'0', NULL, 'TARDE', 'LAURA'),
('1013111390', '1001', b'0', NULL, 'MAÑANA', 'SIMMAO'),
('1013113531', '1003', b'0', NULL, 'MAÑANA', 'JUAN'),
('1013113640', '1102', b'0', NULL, 'MAÑANA', 'ANA'),
('1013114175', '1102', b'0', NULL, 'MAÑANA', 'BRIAN'),
('1013114234', '1004', b'0', NULL, 'MAÑANA', 'DAVID'),
('1013114549', '1103', b'0', NULL, 'MAÑANA', 'VALERY'),
('1013115124', '1101', b'0', NULL, 'TARDE', 'SARA'),
('1013115775', '1103', b'0', NULL, 'MAÑANA', 'ZAHIRA'),
('1013116200', '1004', b'0', NULL, 'MAÑANA', 'JULIANA'),
('1013116253', '1003', b'0', NULL, 'MAÑANA', 'ALISON'),
('1013116433', '1001', b'0', NULL, 'TARDE', 'BRAYAN'),
('1013116859', '1004', b'0', NULL, 'MAÑANA', 'JUAN'),
('1013116958', '1003', b'0', NULL, 'MAÑANA', 'MARIA'),
('1013119359', '1001', b'0', NULL, 'TARDE', 'ANDRES'),
('1013120591', '1001', b'0', NULL, 'MAÑANA', 'TALIANA'),
('1013261793', '1102', b'0', NULL, 'TARDE', 'JULIANA'),
('1013264831', '1002', b'0', NULL, 'TARDE', 'NICOLAS'),
('1013265085', '1002', b'0', NULL, 'TARDE', 'DAYANA'),
('1013597414', '1001', b'0', NULL, 'TARDE', 'JOSEPH'),
('1013600567', '1103', b'0', NULL, 'TARDE', 'LUISA'),
('1013602219', '1102', b'0', NULL, 'TARDE', 'BRAYAN'),
('1013602220', '1103', b'0', NULL, 'TARDE', 'BRANDON'),
('1013603750', '1002', b'0', NULL, 'MAÑANA', 'NATALIA'),
('1014189336', '1101', b'0', NULL, 'TARDE', 'YERALDIN'),
('1014479708', '1003', b'0', NULL, 'MAÑANA', 'ANGIE'),
('1014480407', '1102', b'0', NULL, 'MAÑANA', 'JUAN'),
('1014480881', '1102', b'0', NULL, 'MAÑANA', 'NATALIA'),
('1014481446', '1002', b'0', NULL, 'TARDE', 'SOFIA'),
('1014596362', '1004', b'0', NULL, 'MAÑANA', 'KAREN'),
('1014660886', '1002', b'0', NULL, 'TARDE', 'LENIN'),
('1014666015', '1103', b'0', NULL, 'TARDE', 'MARIA'),
('1014666383', '1003', b'0', NULL, 'MAÑANA', 'SERGIO'),
('1014666524', '1103', b'0', NULL, 'MAÑANA', 'JOHAN'),
('1014666708', '1002', b'0', NULL, 'MAÑANA', 'ANGIE'),
('1014667350', '1004', b'0', NULL, 'MAÑANA', 'JOEL'),
('1014668007', '1004', b'0', NULL, 'MAÑANA', 'DANIEL'),
('1014669386', '1001', b'0', NULL, 'MAÑANA', 'YULIANA'),
('1014859482', '1101', b'0', NULL, 'MAÑANA', 'NICOL'),
('1014979725', '1001', b'0', NULL, 'MAÑANA', 'CLAUDIA'),
('1014979924', '1102', b'0', NULL, 'MAÑANA', 'KEVIN'),
('1014980012', '1003', b'0', NULL, 'MAÑANA', 'JUAN'),
('1014990097', '1002', b'0', NULL, 'MAÑANA', 'JUAN'),
('1014990134', '1002', b'0', NULL, 'MAÑANA', 'CARLOS'),
('1014991716', '1004', b'0', NULL, 'MAÑANA', 'SEBASTIAN'),
('1015414343', '1001', b'0', NULL, 'MAÑANA', 'DERIK'),
('1015996310', '1002', b'0', NULL, 'MAÑANA', 'HARI'),
('1015999221', '1102', b'0', NULL, 'MAÑANA', 'ZHARIK'),
('1016003792', '1004', b'0', NULL, 'MAÑANA', 'BRAYAN'),
('1016006423', '1001', b'0', NULL, 'MAÑANA', 'DAVID'),
('1016007930', '1001', b'0', NULL, 'TARDE', 'JESICA'),
('1016009326', '1102', b'0', NULL, 'MAÑANA', 'JUAN'),
('1016009593', '1101', b'0', NULL, 'TARDE', 'JHOJAN'),
('1016011522', '1102', b'0', NULL, 'MAÑANA', 'SANTIAGO'),
('1016012966', '1102', b'0', NULL, 'TARDE', 'LUIS'),
('1016012989', '1002', b'0', NULL, 'TARDE', 'BLADIMIR'),
('1016013515', '1103', b'0', NULL, 'MAÑANA', 'KAREN'),
('1016013649', '1001', b'0', NULL, 'TARDE', 'JEISON'),
('1016014171', '1101', b'0', NULL, 'TARDE', 'DANNA'),
('1016014610', '1101', b'0', NULL, 'MAÑANA', 'SEBASTIAN'),
('1016015072', '1002', b'0', NULL, 'MAÑANA', 'JUAN'),
('1016016155', '1101', b'0', NULL, 'MAÑANA', 'DILLAN'),
('1016016236', '1103', b'0', NULL, 'TARDE', 'BRAYAN'),
('1016018348', '1001', b'0', NULL, 'MAÑANA', 'MARIA'),
('1016021448', '1002', b'0', NULL, 'TARDE', 'LAYDI'),
('1016022537', '1001', b'0', NULL, 'MAÑANA', 'NYCOL'),
('1016025207', '1103', b'0', NULL, 'TARDE', 'ERIKA'),
('1016026165', '1002', b'0', NULL, 'TARDE', 'JORGE'),
('1016036510', '1002', b'0', NULL, 'TARDE', 'NICOL'),
('1016117020', '1103', b'0', NULL, 'TARDE', 'YORGENI'),
('1016117685', '1103', b'0', NULL, 'MAÑANA', 'ANDY'),
('1016593049', '1103', b'0', NULL, 'TARDE', 'DILAN'),
('1016596123', '1103', b'0', NULL, 'MAÑANA', 'MATEO'),
('1016714540', '1102', b'0', NULL, 'MAÑANA', 'VALERYE'),
('1016717072', '1001', b'0', NULL, 'MAÑANA', 'NICOL'),
('1016717662', '1003', b'0', NULL, 'MAÑANA', 'DANIA'),
('1016833314', '1002', b'0', NULL, 'MAÑANA', 'CRISTIAN'),
('1016833795', '1101', b'0', NULL, 'TARDE', 'JOSE'),
('1016945421', '1101', b'0', NULL, 'TARDE', 'MARIANA'),
('1016947507', '1101', b'0', NULL, 'TARDE', 'PAULA'),
('1016949448', '1101', b'0', NULL, 'TARDE', 'LAURA'),
('1018417817', '1002', b'0', NULL, 'MAÑANA', 'NICOL'),
('1018423006', '1102', b'0', NULL, 'MAÑANA', 'LAURA'),
('1018515753', '1103', b'0', NULL, 'TARDE', 'MARLENY'),
('1019013731', '1003', b'0', NULL, 'MAÑANA', 'ANDRES'),
('1019016516', '1002', b'0', NULL, 'MAÑANA', 'BRAYAN'),
('1019016970', '1101', b'0', NULL, 'MAÑANA', 'MIGUEL'),
('1019030445', '1103', b'0', NULL, 'TARDE', 'ANGI'),
('1019603197', '1101', b'0', NULL, 'MAÑANA', 'LUIS'),
('1019762829', '1101', b'0', NULL, 'MAÑANA', 'LAURA'),
('1019764426', '1001', b'0', NULL, 'TARDE', 'KEVIN'),
('1019844048', '1004', b'0', NULL, 'MAÑANA', 'ANA'),
('1019844156', '1003', b'0', NULL, 'MAÑANA', 'JULIAN'),
('1019903060', '1001', b'0', NULL, 'TARDE', 'VALENTINA'),
('1019982060', '1001', b'0', NULL, 'MAÑANA', 'KAROL'),
('1019985532', '1101', b'0', NULL, 'TARDE', 'WENDY'),
('1019987968', '1102', b'0', NULL, 'MAÑANA', 'PAULA'),
('1019988532', '1102', b'0', NULL, 'TARDE', 'DUWAN'),
('1019988898', '1103', b'0', NULL, 'MAÑANA', 'LUNA'),
('1019989181', '1001', b'0', NULL, 'TARDE', 'ISABELLA'),
('1019990567', '1103', b'0', NULL, 'TARDE', 'DIEGO'),
('1019990696', '1103', b'0', NULL, 'TARDE', 'SARAYTH'),
('1019991010', '1003', b'0', NULL, 'MAÑANA', 'JUAN'),
('1019991157', '1001', b'0', NULL, 'TARDE', 'SEBASTIAN'),
('1019991160', '1004', b'0', NULL, 'MAÑANA', 'JUAN'),
('1019991352', '1102', b'0', NULL, 'TARDE', 'JHOAN'),
('1019991483', '1103', b'0', NULL, 'MAÑANA', 'NICOL'),
('1019991858', '1102', b'0', NULL, 'TARDE', 'BRAYAN'),
('1019991953', '1001', b'0', NULL, 'MAÑANA', 'JULIANA'),
('1019992047', '1004', b'0', NULL, 'MAÑANA', 'JUAN'),
('1019992107', '1003', b'0', NULL, 'MAÑANA', 'WILLIAN'),
('1019992108', '1004', b'0', NULL, 'MAÑANA', 'JUAN'),
('1019992445', '1102', b'0', NULL, 'TARDE', 'PAULA'),
('1019992598', '1003', b'0', NULL, 'MAÑANA', 'LOREN'),
('1019992639', '1004', b'0', NULL, 'MAÑANA', 'BRANDON'),
('1019992846', '1001', b'0', NULL, 'MAÑANA', 'LEYDY'),
('1019992862', '1004', b'0', NULL, 'MAÑANA', 'DUVAN'),
('1019993061', '1002', b'0', NULL, 'MAÑANA', 'GABRIELA'),
('1019993137', '1001', b'0', NULL, 'MAÑANA', 'MANUELA'),
('1019993468', '1003', b'0', NULL, 'MAÑANA', 'JOSE'),
('1019993601', '1001', b'0', NULL, 'TARDE', 'JUAN'),
('1019993660', '1001', b'0', NULL, 'MAÑANA', 'KAROL'),
('1019993799', '1001', b'0', NULL, 'MAÑANA', 'ISABEL'),
('1019994688', '1001', b'0', NULL, 'MAÑANA', 'NICOLE'),
('1021312130', '1002', b'0', NULL, 'MAÑANA', 'DIEGO'),
('1021313513', '1101', b'0', NULL, 'TARDE', 'CESAR'),
('1021394735', '1101', b'0', NULL, 'TARDE', 'MIGUEL'),
('1021396516', '1002', b'0', NULL, 'MAÑANA', 'NICOLL'),
('1021396630', '1004', b'0', NULL, 'MAÑANA', 'JUAN'),
('1021397076', '1102', b'0', NULL, 'TARDE', 'XIMENA'),
('1021398632', '1003', b'0', NULL, 'MAÑANA', 'ISABELLA'),
('1021398817', '1002', b'0', NULL, 'TARDE', 'CAROL'),
('1021513462', '1102', b'0', NULL, 'TARDE', 'SANTIAGO'),
('1021673335', '1103', b'0', NULL, 'MAÑANA', 'LEELO'),
('1021674401', '1103', b'0', NULL, 'MAÑANA', 'KAREN'),
('1021676622', '1002', b'0', NULL, 'TARDE', 'PAULA'),
('1022334683', '1002', b'0', NULL, 'TARDE', 'JESUS'),
('1022341913', '1001', b'0', NULL, 'TARDE', 'LUNA'),
('1022345633', '1102', b'0', NULL, 'TARDE', 'CAROL'),
('1022357378', '1101', b'0', NULL, 'MAÑANA', 'JOHAN'),
('1022359088', '1002', b'0', NULL, 'TARDE', 'SARAH'),
('1022361413', '1001', b'0', NULL, 'MAÑANA', 'LAURA'),
('1023162905', '1102', b'0', NULL, 'TARDE', 'CARLOS'),
('1023164043', '1102', b'0', NULL, 'TARDE', 'JOAN'),
('1023367006', '1002', b'0', NULL, 'MAÑANA', 'MARIA'),
('1023372685', '1004', b'0', NULL, 'MAÑANA', 'JUAN'),
('1023374785', '1102', b'0', NULL, 'MAÑANA', 'ANA'),
('1023376155', '1101', b'0', NULL, 'MAÑANA', 'MARIA'),
('1023379324', '1001', b'0', NULL, 'MAÑANA', 'KAREN'),
('1023879180', '1101', b'0', NULL, 'TARDE', 'MARIA'),
('1024484961', '1103', b'0', NULL, 'TARDE', 'JUAN'),
('1024487074', '1002', b'0', NULL, 'TARDE', 'HEIDY'),
('1024493182', '1001', b'0', NULL, 'TARDE', 'MARIA'),
('1025142311', '1004', b'0', NULL, 'MAÑANA', 'KATHERIN'),
('1025142943', '1002', b'0', NULL, 'TARDE', 'JUAN'),
('1025143296', '1002', b'0', NULL, 'TARDE', 'ANGIE'),
('1025322032', '1101', b'0', NULL, 'MAÑANA', 'KAROL'),
('1025324071', '1003', b'0', NULL, 'MAÑANA', 'JUAN'),
('1025324072', '1004', b'0', NULL, 'MAÑANA', 'IVAN'),
('1025461828', '1102', b'0', NULL, 'MAÑANA', 'VALERIA'),
('1025523427', '1103', b'0', NULL, 'TARDE', 'JUAN'),
('1025527751', '1103', b'0', NULL, 'MAÑANA', 'HELBERTH'),
('1025532017', '1101', b'0', NULL, 'MAÑANA', 'LAURA'),
('1025532510', '1103', b'0', NULL, 'MAÑANA', 'NICOLL'),
('1025532862', '1002', b'0', NULL, 'MAÑANA', 'LIZETH'),
('1025533846', '1001', b'0', NULL, 'TARDE', 'KEVIN'),
('1025535553', '1102', b'0', NULL, 'MAÑANA', 'LYNDA'),
('1026561833', '1004', b'0', NULL, 'MAÑANA', 'CRISTIAN'),
('1027400891', '1102', b'0', NULL, 'MAÑANA', 'MARIA'),
('1027522494', '1101', b'0', NULL, 'TARDE', 'KAREN'),
('1027948317', '1101', b'0', NULL, 'TARDE', 'DANIELA'),
('1028140312', '1101', b'0', NULL, 'TARDE', 'KAREN'),
('1028480564', '1103', b'0', NULL, 'MAÑANA', 'TOMAS'),
('1028482407', '1003', b'0', NULL, 'MAÑANA', 'LUIS'),
('1028482734', '1001', b'0', NULL, 'TARDE', 'CRISTIAN'),
('1028483423', '1103', b'0', NULL, 'MAÑANA', 'KAREN'),
('1028486215', '1002', b'0', NULL, 'MAÑANA', 'ANGEL'),
('1028486725', '1001', b'0', NULL, 'MAÑANA', 'ANDRES'),
('1028486848', '1002', b'0', NULL, 'TARDE', 'JULIETH'),
('1028660407', '1003', b'0', NULL, 'MAÑANA', 'DIEGO'),
('1028662081', '1002', b'0', NULL, 'TARDE', 'JENNYFER'),
('1028782884', '1103', b'0', NULL, 'TARDE', 'JULIAN'),
('1028840181', '1003', b'0', NULL, 'MAÑANA', 'GEORGE'),
('1028840568', '1001', b'0', NULL, 'TARDE', 'NIYY'),
('1028862722', '1004', b'0', NULL, 'MAÑANA', 'KEVIN'),
('1028862954', '1001', b'0', NULL, 'MAÑANA', 'SHARON'),
('1028863744', '1001', b'0', NULL, 'MAÑANA', 'LAURA'),
('1028864462', '1004', b'0', NULL, 'MAÑANA', 'JUAN'),
('1028864641', '1002', b'0', NULL, 'MAÑANA', 'FABIAN'),
('1028880797', '1102', b'0', NULL, 'MAÑANA', 'HARVEY'),
('1028880992', '1101', b'0', NULL, 'TARDE', 'NICOL'),
('1028881429', '1002', b'0', NULL, 'MAÑANA', 'LUNA'),
('1028881547', '1004', b'0', NULL, 'MAÑANA', 'LAURA'),
('1028882350', '1101', b'0', NULL, 'TARDE', 'SARA'),
('1028883996', '1003', b'0', NULL, 'MAÑANA', 'BRYAN'),
('1028884230', '1002', b'0', NULL, 'TARDE', 'JUAN'),
('1029140892', '1101', b'0', NULL, 'MAÑANA', 'LAURA'),
('1029142112', '1002', b'0', NULL, 'MAÑANA', 'ESNEIDER'),
('1029143331', '1103', b'0', NULL, 'MAÑANA', 'BRAYHAN'),
('1029144102', '1103', b'0', NULL, 'MAÑANA', 'ANGIE'),
('1029144784', '1001', b'0', NULL, 'MAÑANA', 'JULIETH'),
('1029146049', '1002', b'0', NULL, 'MAÑANA', 'ELIZABETH'),
('1029281385', '1002', b'0', NULL, 'MAÑANA', 'JAMES'),
('1029644690', '1001', b'0', NULL, 'TARDE', 'RONALD'),
('1029983939', '1102', b'0', NULL, 'TARDE', 'PAULA'),
('1030080583', '1001', b'0', NULL, 'TARDE', 'JIMENA'),
('1030281822', '1004', b'0', NULL, 'MAÑANA', 'ESTRELLITA'),
('1030532739', '1101', b'0', NULL, 'MAÑANA', 'JOSE'),
('1030540582', '1002', b'0', NULL, 'MAÑANA', 'JOHAN'),
('1030541243', '1001', b'0', NULL, 'MAÑANA', 'DANIEL'),
('1030541300', '1101', b'0', NULL, 'MAÑANA', 'KAREN'),
('1030550024', '1001', b'0', NULL, 'MAÑANA', 'KAROL'),
('1030550284', '1002', b'0', NULL, 'MAÑANA', 'MARIA'),
('1030550595', '1103', b'0', NULL, 'MAÑANA', 'MARIA'),
('1030552022', '1002', b'0', NULL, 'MAÑANA', 'SARA'),
('1030555291', '1004', b'0', NULL, 'MAÑANA', 'JUAN'),
('1030558618', '1102', b'0', NULL, 'MAÑANA', 'NIKOL'),
('1030570952', '1002', b'0', NULL, 'TARDE', 'LUIS'),
('1030574728', '1002', b'0', NULL, 'TARDE', 'TATIANA'),
('1030706206', '1003', b'0', NULL, 'MAÑANA', 'ADRIAN'),
('1031541347', '1102', b'0', NULL, 'MAÑANA', 'JOHANN'),
('1031652276', '1001', b'0', NULL, 'TARDE', 'KAROL'),
('1031806574', '1001', b'0', NULL, 'MAÑANA', 'ANGIE'),
('1032678405', '1101', b'0', NULL, 'MAÑANA', 'LAURA'),
('1032679303', '1103', b'0', NULL, 'MAÑANA', 'NICOLAS'),
('1032680464', '1003', b'0', NULL, 'MAÑANA', 'ANDRES'),
('1032799097', '1002', b'0', NULL, 'MAÑANA', 'SHARON'),
('1032937439', '1101', b'0', NULL, 'TARDE', 'ELIANA'),
('1032940052', '1103', b'0', NULL, 'MAÑANA', 'HELEN'),
('1032940457', '1102', b'0', NULL, 'MAÑANA', 'YORDAEL'),
('1033685590', '1101', b'0', NULL, 'MAÑANA', 'LORENA'),
('1033702832', '1001', b'0', NULL, 'MAÑANA', 'DYLAN'),
('1033707569', '1102', b'0', NULL, 'MAÑANA', 'ISABELLA'),
('1033719668', '1001', b'0', NULL, 'MAÑANA', 'DANNA'),
('1034399252', '1003', b'0', NULL, 'MAÑANA', 'ANDRES'),
('1034400545', '1103', b'0', NULL, 'TARDE', 'JUAN'),
('1034659229', '1101', b'0', NULL, 'TARDE', 'OSCAR'),
('1034659349', '1002', b'0', NULL, 'MAÑANA', 'CAREN'),
('1034660579', '1101', b'0', NULL, 'MAÑANA', 'MARIA'),
('1034661704', '1003', b'0', NULL, 'MAÑANA', 'NIKOL'),
('1034661918', '1003', b'0', NULL, 'MAÑANA', 'DUVAN'),
('1034662612', '1001', b'0', NULL, 'MAÑANA', 'JUAN'),
('1034778812', '1102', b'0', NULL, 'MAÑANA', 'ANDRES'),
('1034779090', '1102', b'0', NULL, 'TARDE', 'JHON'),
('1034779267', '1003', b'0', NULL, 'MAÑANA', 'MARIANA'),
('1034779415', '1101', b'0', NULL, 'MAÑANA', 'GABRIELA'),
('1034779735', '1101', b'0', NULL, 'MAÑANA', 'NAIBETH'),
('1034780294', '1103', b'0', NULL, 'MAÑANA', 'VALLERIE'),
('1034780346', '1103', b'0', NULL, 'MAÑANA', 'DANNA'),
('1034780622', '1003', b'0', NULL, 'MAÑANA', 'VALENTINA'),
('1034781147', '1004', b'0', NULL, 'MAÑANA', 'JHON'),
('1034781366', '1102', b'0', NULL, 'MAÑANA', 'MIGUEL'),
('1034784944', '1103', b'0', NULL, 'MAÑANA', 'CAMILO'),
('1039084549', '1002', b'0', NULL, 'MAÑANA', 'DIANYS'),
('1039681939', '1001', b'0', NULL, 'TARDE', 'FREYDER'),
('1039689035', '1001', b'0', NULL, 'MAÑANA', 'KIREY'),
('1040354864', '1001', b'0', NULL, 'MAÑANA', 'ANDRES'),
('1042249056', '1102', b'0', NULL, 'MAÑANA', 'VALERIA'),
('1045704820', '1004', b'0', NULL, 'MAÑANA', 'STEPHANY'),
('1049795363', '1103', b'0', NULL, 'MAÑANA', 'JUAN'),
('1049796065', '1102', b'0', NULL, 'MAÑANA', 'JUAN'),
('1053322378', '1102', b'0', NULL, 'MAÑANA', 'JHOAN'),
('1054800789', '1002', b'0', NULL, 'TARDE', 'YEIMI'),
('1055127308', '1103', b'0', NULL, 'MAÑANA', 'KAREN'),
('1055551148', '1002', b'0', NULL, 'MAÑANA', 'JOSE'),
('1056411034', '1102', b'0', NULL, 'TARDE', 'DANIEL'),
('1056505151', '1001', b'0', NULL, 'MAÑANA', 'MIGUEL'),
('1057214616', '1002', b'0', NULL, 'TARDE', 'ANA'),
('1062435321', '1001', b'0', NULL, 'TARDE', 'MARIA'),
('1065233186', '1001', b'0', NULL, 'TARDE', 'MARYURI'),
('1065574905', '1102', b'0', NULL, 'MAÑANA', 'SOFIA'),
('1068926424', '1003', b'0', NULL, 'MAÑANA', 'DANNA'),
('1069642922', '1102', b'0', NULL, 'TARDE', 'MIGUEL'),
('1069718943', '1004', b'0', NULL, 'MAÑANA', 'EVELYN'),
('1069725283', '1103', b'0', NULL, 'MAÑANA', 'ANDREY'),
('1069872516', '1002', b'0', NULL, 'TARDE', 'CRISTIAN'),
('1070326436', '1103', b'0', NULL, 'MAÑANA', 'NICOL'),
('1070465276', '1101', b'0', NULL, 'TARDE', 'JUAN'),
('1070595910', '1003', b'0', NULL, 'MAÑANA', 'JUAN'),
('1070751371', '1001', b'0', NULL, 'TARDE', 'ANNY'),
('1070952879', '1103', b'0', NULL, 'TARDE', 'YIMMY'),
('1072424983', '1002', b'0', NULL, 'TARDE', 'MARIA'),
('1072425962', '1003', b'0', NULL, 'MAÑANA', 'DANIELA'),
('1073232578', '1101', b'0', NULL, 'TARDE', 'LAURA'),
('1073599030', '1102', b'0', NULL, 'TARDE', 'ANDRES'),
('1074812795', '1001', b'0', NULL, 'MAÑANA', 'LAURA'),
('1075626073', '1004', b'0', NULL, 'MAÑANA', 'HEILYN'),
('1075795944', '1001', b'0', NULL, 'TARDE', 'SHARICK'),
('1076502848', '1004', b'0', NULL, 'MAÑANA', 'DIEGO'),
('1077724225', '1102', b'0', NULL, 'MAÑANA', 'ANDRES'),
('1081153920', '1103', b'0', NULL, 'TARDE', 'HENRY'),
('1081398683', '1002', b'0', NULL, 'TARDE', 'HARRISON'),
('1081400741', '1103', b'0', NULL, 'TARDE', 'JESSICA'),
('1082125212', '1102', b'0', NULL, 'TARDE', 'ANA'),
('1082911818', '1001', b'0', NULL, 'MAÑANA', 'NATALY'),
('1083694491', '1101', b'0', NULL, 'TARDE', 'EDIANA'),
('1083869928', '1101', b'0', NULL, 'TARDE', 'LUIS'),
('1085049909', '1002', b'0', NULL, 'TARDE', 'CAMILA'),
('1085717143', '1101', b'0', NULL, 'MAÑANA', 'ERYK'),
('1090274216', '1103', b'0', NULL, 'TARDE', 'LUISA'),
('1090411560', '1101', b'0', NULL, 'MAÑANA', 'JULIAN'),
('1091273562', '1002', b'0', NULL, 'MAÑANA', 'FEDERICO'),
('1091357242', '1103', b'0', NULL, 'TARDE', 'JASLEY'),
('1091885575', '1001', b'0', NULL, 'TARDE', 'LAURA'),
('1091968713', '1102', b'0', NULL, 'TARDE', 'KENY'),
('1092458078', '1101', b'0', NULL, 'MAÑANA', 'ANDRES'),
('1092527857', '1101', b'0', NULL, 'MAÑANA', 'LAURA'),
('1092530447', '1101', b'0', NULL, 'MAÑANA', 'LISBETH'),
('1094779641', '1001', b'0', NULL, 'TARDE', 'ADRIANA'),
('1095485140', '1002', b'0', NULL, 'MAÑANA', 'ADRIAN'),
('1097638544', '1101', b'0', NULL, 'TARDE', 'SANTIAGO'),
('1099545846', '1101', b'0', NULL, 'TARDE', 'YEIMY'),
('1099740472', '1004', b'0', NULL, 'MAÑANA', 'AVI'),
('1103499220', '1101', b'0', NULL, 'MAÑANA', 'JUAN'),
('1104411381', '1103', b'0', NULL, 'MAÑANA', 'JUAN'),
('1105367798', '1102', b'0', NULL, 'MAÑANA', 'VALENTINA'),
('1105784115', '1103', b'0', NULL, 'TARDE', 'JOHN'),
('1106452845', '1101', b'0', NULL, 'TARDE', 'MARIA'),
('1106948455', '1102', b'0', NULL, 'TARDE', 'MICHEL'),
('1109293552', '1102', b'0', NULL, 'TARDE', 'KEVIN'),
('1109295142', '1001', b'0', NULL, 'TARDE', 'ISABELLA'),
('1109842565', '1103', b'0', NULL, 'TARDE', 'JUAN'),
('1109842614', '1002', b'0', NULL, 'MAÑANA', 'JESUS'),
('1110483277', '1102', b'0', NULL, 'TARDE', 'ANGIE'),
('1110492907', '1001', b'0', NULL, 'TARDE', 'ALISON'),
('1116781412', '1102', b'0', NULL, 'TARDE', 'HAROLD'),
('1121530328', '1101', b'0', NULL, 'TARDE', 'LINA'),
('1122923725', '1103', b'0', NULL, 'MAÑANA', 'JESUS'),
('1123434477', '1101', b'0', NULL, 'MAÑANA', 'LUIS'),
('1124011984', '1103', b'0', NULL, 'TARDE', 'BRENDA'),
('1124072092', '1001', b'0', NULL, 'TARDE', 'KENEIDIS'),
('1125619726', '1102', b'0', NULL, 'TARDE', 'LEIDY'),
('1127046836', '1002', b'0', NULL, 'TARDE', 'KEINNER'),
('1127922936', '1101', b'0', NULL, 'MAÑANA', 'LUIS'),
('1127922937', '1003', b'0', NULL, 'MAÑANA', 'JOSUE'),
('1128228391', '1102', b'0', NULL, 'MAÑANA', 'ANYELO'),
('1128544820', '1001', b'0', NULL, 'TARDE', 'LINA'),
('1130267965', '1102', b'0', NULL, 'MAÑANA', 'TOMAS'),
('1140415282', '1003', b'0', NULL, 'MAÑANA', 'ARTURO'),
('1140914829', '1103', b'0', NULL, 'TARDE', 'LIA'),
('1140916429', '1102', b'0', NULL, 'TARDE', 'ANA'),
('1140916936', '1001', b'0', NULL, 'TARDE', 'JUAN'),
('1140917279', '1003', b'0', NULL, 'MAÑANA', 'FELIPE'),
('1140918167', '1002', b'0', NULL, 'MAÑANA', 'JOHAN'),
('1141116130', '1004', b'0', NULL, 'MAÑANA', 'DANIELA'),
('1141314174', '1102', b'0', NULL, 'MAÑANA', 'NICOLE'),
('1141314550', '1103', b'0', NULL, 'MAÑANA', 'CARLOS'),
('1141314961', '1101', b'0', NULL, 'MAÑANA', 'SAMUEL'),
('1141315534', '1103', b'0', NULL, 'MAÑANA', 'VALERIN'),
('1141315757', '1101', b'0', NULL, 'MAÑANA', 'NICOLAS'),
('1141315843', '1001', b'0', NULL, 'TARDE', 'ISABELLA'),
('1141316659', '1002', b'0', NULL, 'TARDE', 'BRANDON'),
('1141317266', '1001', b'0', NULL, 'MAÑANA', 'BAILLOLETH'),
('1141317786', '1102', b'0', NULL, 'MAÑANA', 'MARIANA'),
('1141317875', '1002', b'0', NULL, 'TARDE', 'SARA'),
('1141318204', '1001', b'0', NULL, 'TARDE', 'JOHAN'),
('1141319380', '1002', b'0', NULL, 'MAÑANA', 'KIMBERLY'),
('1141319469', '1003', b'0', NULL, 'MAÑANA', 'YIRLEI'),
('1141320510', '1002', b'0', NULL, 'MAÑANA', 'VALENTINA'),
('1141714801', '1102', b'0', NULL, 'TARDE', 'DANIEL'),
('1141914184', '1101', b'0', NULL, 'MAÑANA', 'SARAH'),
('1143241692', '1003', b'0', NULL, 'MAÑANA', 'CAMILO'),
('1145924044', '1002', b'0', NULL, 'MAÑANA', 'NICOLAS'),
('1150185001', '1002', b'0', NULL, 'TARDE', 'MARIA'),
('1193553775', '1102', b'0', NULL, 'TARDE', 'SAMY'),
('1232893044', '1103', b'0', NULL, 'MAÑANA', 'MARIA'),
('152170581', '1103', b'0', NULL, 'TARDE', 'ANDREWS'),
('31794805', '1001', b'0', NULL, 'TARDE', 'ORIANA'),
('32418780', '1001', b'0', NULL, 'TARDE', 'ANTONY'),
('5041863', '1001', b'0', NULL, 'TARDE', 'GABRIELA'),
('5346589', '1101', b'0', NULL, 'TARDE', 'LIA'),
('5499160', '1001', b'0', NULL, 'TARDE', 'NATASHA'),
('707929930082007', '1001', b'0', NULL, 'TARDE', 'OMAR'),
('801226326072005', '1102', b'0', NULL, 'TARDE', 'ALEX'),
('959906324122004', '1101', b'0', NULL, 'TARDE', 'VALERIA'),
('N37664326954', '1103', b'0', NULL, 'TARDE', 'ANDREA'),
('N37664329651', '1001', b'0', NULL, 'MAÑANA', 'ROGDARIS'),
('N37664450672', '1101', b'0', NULL, 'TARDE', 'ANYELY'),
('N37664456622', '1102', b'0', NULL, 'TARDE', 'JOHALYS'),
('N37664598335', '1004', b'0', NULL, 'MAÑANA', 'JOSE'),
('N37664636999', '1101', b'0', NULL, 'TARDE', 'VANESKA'),
('N37664644568', '1102', b'0', NULL, 'MAÑANA', 'REYBERT'),
('N37664650773', '1002', b'0', NULL, 'TARDE', 'FREIMALY'),
('N37664664234', '1004', b'0', NULL, 'MAÑANA', 'FRANCIS'),
('N37664691795', '1101', b'0', NULL, 'MAÑANA', 'ANYISKEL'),
('N37664995314', '1002', b'0', NULL, 'TARDE', 'AARON'),
('N37665044931', '1001', b'0', NULL, 'TARDE', 'DANIELA'),
('N37665151828', '1103', b'0', NULL, 'TARDE', 'DANIELA'),
('N37665155293', '1002', b'0', NULL, 'TARDE', 'DEXIREE'),
('N37666155326', '1103', b'0', NULL, 'TARDE', 'VICTOR'),
('N37666156187', '1001', b'0', NULL, 'TARDE', 'DAVID'),
('N37666446918', '1004', b'0', NULL, 'MAÑANA', 'CESAR'),
('N38094382510', '1103', b'0', NULL, 'TARDE', 'MARWIN');

-- --------------------------------------------------------

--
-- Table structure for table `horario`
--

CREATE TABLE `horario` (
  `id` int(11) NOT NULL,
  `end_hour` int(11) DEFAULT NULL,
  `end_minute` int(11) DEFAULT NULL,
  `start_hour` int(11) DEFAULT NULL,
  `start_minute` int(11) DEFAULT NULL,
  `tipo_comida` varchar(255) DEFAULT NULL
) ENGINE=InnoDB DEFAULT CHARSET=utf8mb4 COLLATE=utf8mb4_general_ci;

--
-- Dumping data for table `horario`
--

INSERT INTO `horario` (`id`, `end_hour`, `end_minute`, `start_hour`, `start_minute`, `tipo_comida`) VALUES
(1, 13, 59, 11, 1, 'refrigerio'),
(2, 11, 0, 6, 0, 'desayuno'),
(3, 23, 59, 14, 0, 'almuerzo');

-- --------------------------------------------------------

--
-- Table structure for table `horario_seq`
--

CREATE TABLE `horario_seq` (
  `next_val` bigint(20) DEFAULT NULL
) ENGINE=InnoDB DEFAULT CHARSET=utf8mb4 COLLATE=utf8mb4_general_ci;

--
-- Dumping data for table `horario_seq`
--

INSERT INTO `horario_seq` (`next_val`) VALUES
(1);

-- --------------------------------------------------------

--
-- Table structure for table `user`
--

CREATE TABLE `user` (
  `id` int(11) NOT NULL,
  `country` varchar(255) DEFAULT NULL,
  `firstname` varchar(255) DEFAULT NULL,
  `lastname` varchar(255) DEFAULT NULL,
  `password` varchar(255) DEFAULT NULL,
  `role` enum('ADMIN','USER') DEFAULT NULL,
  `username` varchar(255) NOT NULL
) ENGINE=InnoDB DEFAULT CHARSET=utf8mb4 COLLATE=utf8mb4_general_ci;

--
-- Dumping data for table `user`
--

INSERT INTO `user` (`id`, `country`, `firstname`, `lastname`, `password`, `role`, `username`) VALUES
(1, 'Col', 'Prueba', 'uyuuu', '$2a$10$JIt0ys6pxnQ9KGbx10bPcOt4.FDhbPvSqnl6A4bXydqzPhkqqFBiq', 'ADMIN', 'uy@gmail'),
(2, 'Col', 'Ed', 'Villarreal', '$2a$10$2FOsH6Bh0fPR.TcKQh9wDetELcTkheV2oKzSs0XQZxzQ78hcI42WS', 'ADMIN', 'edward@gmail'),
(3, 'Col', 'Pep', 'Perez', '$2a$10$iqdxg/Gnv3eJ.W38dt/Sx.A4Wkr9qe7w1/HkDbyccltJhHXPD/WFK', 'USER', 'pepito@gmail');

-- --------------------------------------------------------

--
-- Table structure for table `user_seq`
--

CREATE TABLE `user_seq` (
  `next_val` bigint(20) DEFAULT NULL
) ENGINE=InnoDB DEFAULT CHARSET=utf8mb4 COLLATE=utf8mb4_general_ci;

--
-- Dumping data for table `user_seq`
--

INSERT INTO `user_seq` (`next_val`) VALUES
(51);

--
-- Indexes for dumped tables
--

--
-- Indexes for table `almuerzo`
--
ALTER TABLE `almuerzo`
  ADD PRIMARY KEY (`id`);

--
-- Indexes for table `asistencia`
--
ALTER TABLE `asistencia`
  ADD PRIMARY KEY (`id`),
  ADD KEY `FKoroqa8xc2wf8myils16441r6n` (`almuerzos_id`),
  ADD KEY `FKht2epi6s8vq6cyffnka6ilcuy` (`estudiante_id`);

--
-- Indexes for table `criterios`
--
ALTER TABLE `criterios`
  ADD PRIMARY KEY (`id`);

--
-- Indexes for table `estudiante`
--
ALTER TABLE `estudiante`
  ADD PRIMARY KEY (`id`);

--
-- Indexes for table `horario`
--
ALTER TABLE `horario`
  ADD PRIMARY KEY (`id`);

--
-- Indexes for table `user`
--
ALTER TABLE `user`
  ADD PRIMARY KEY (`id`),
  ADD UNIQUE KEY `UKsb8bbouer5wak8vyiiy4pf2bx` (`username`);

--
-- AUTO_INCREMENT for dumped tables
--

--
-- AUTO_INCREMENT for table `almuerzo`
--
ALTER TABLE `almuerzo`
  MODIFY `id` int(11) NOT NULL AUTO_INCREMENT, AUTO_INCREMENT=4;

--
-- AUTO_INCREMENT for table `asistencia`
--
ALTER TABLE `asistencia`
  MODIFY `id` int(11) NOT NULL AUTO_INCREMENT, AUTO_INCREMENT=311;

--
-- AUTO_INCREMENT for table `criterios`
--
ALTER TABLE `criterios`
  MODIFY `id` int(11) NOT NULL AUTO_INCREMENT;

--
-- AUTO_INCREMENT for table `user`
--
ALTER TABLE `user`
  MODIFY `id` int(11) NOT NULL AUTO_INCREMENT, AUTO_INCREMENT=10;

--
-- Constraints for dumped tables
--

--
-- Constraints for table `asistencia`
--
ALTER TABLE `asistencia`
  ADD CONSTRAINT `FKht2epi6s8vq6cyffnka6ilcuy` FOREIGN KEY (`estudiante_id`) REFERENCES `estudiante` (`id`),
  ADD CONSTRAINT `FKoroqa8xc2wf8myils16441r6n` FOREIGN KEY (`almuerzos_id`) REFERENCES `almuerzo` (`id`);
COMMIT;

/*!40101 SET CHARACTER_SET_CLIENT=@OLD_CHARACTER_SET_CLIENT */;
/*!40101 SET CHARACTER_SET_RESULTS=@OLD_CHARACTER_SET_RESULTS */;
/*!40101 SET COLLATION_CONNECTION=@OLD_COLLATION_CONNECTION */;
